 firename, lat, lon, startdate, response_type,size_km2,status
 COC_FIRE_016, 54.554, -90.0889, 2025-07-16 22:54:00, MON,1.3,Out of control
 25SR-MANSON, 58.5774, -103.245, 2025-08-03 14:04:09, MOD,17.4,Out of control
 2025DA016, 63.9768, -138.814, 2025-06-19 23:48:00, MON,71.6,Under control
 2025XY010, 61.5551, -134.661, 2025-06-23 20:02:00, MON,19.5,Out of control
 ZF029-25, 64.9757, -116.887, 2025-07-04 22:07:00, MON,88.1,Out of control
 2025OC019, 66.6984, -134.442, 2025-07-15 18:36:00, MON,52.3,Out of control
 2025DA020, 64.1092, -139.927, 2025-06-21 01:19:00, MON,0.1,Under control
 RED_FIRE_058, 50.9816, -94.9296, 2025-07-02 16:05:00, MON,0.3,Out of control
 NO149, 54.9186, -94.8925, 2025-07-19 05:00:00, MON,0.1,Out of control
 R90693, 59.1218, -128.562, 2025-06-20 16:12:00, MOD,8.4,Under control
 ZF034-25, 62.3505, -107.349, 2025-07-10 15:17:00, MON,0.2,Out of control
 25SR-WILKIN, 59.4988, -102.544, 2025-08-06 22:38:13, MOD,19,Out of control
 2025CA008, 62.6179, -137.584, 2025-06-22 03:33:00, MON,99,Out of control
 NO150, 55.2031, -96.2583, 2025-07-20 05:00:00, MON,0.5,Out of control
 2025MA021, 63.889, -136.026, 2025-06-25 00:30:00, MON,13,Out of control
 2025MA007, 63.8141, -137.18, 2025-06-19 22:20:00, MON,0,Under control
 NO155, 56.5219, -91.725, 2025-07-21 05:00:00, MON,0.5,Out of control
 2025WB13, 59.0918, -113.935, 2025-08-03 01:23:01, MON,2.5,Out of control
 COC_FIRE_007, 56.285, -88.978, 2025-06-17 19:09:00, MON,312.2,Out of control
 FS024-25, 60.0062, -121.863, 2025-07-10 17:00:00, MON,55,Out of control
 NO056, 53.7661, -97.1711, 2025-07-03 05:00:00, MON,13.2,Out of control
 2025DA030, 64.5542, -140.671, 2025-06-23 16:50:00, MON,10.3,Out of control
 NO156, 54.4189, -92.7225, 2025-07-21 05:00:00, MON,0.2,Out of control
 SS026-25, 60.4336, -103.353, 2025-08-04 16:25:00, MON,6,Out of control
 SS009-25, 60.0281, -111.406, 2025-05-30 17:00:00, FUL,64.6,Under control
 2025DA034, 64.492, -139.931, 2025-07-18 21:54:00, MON,1.2,Out of control
 2025DA022, 63.3062, -140.238, 2025-06-22 01:00:00, MON,0.2,Under control
 SS023-25, 61.3517, -117.617, 2025-07-31 06:20:00, FUL,0.6,Under control
 GWF-063-2025, 54.8491, -119.418, 2025-07-07 19:03:00, FUL,0.4,Under control
 2025DA027, 63.4627, -139.5, 2025-06-23 15:14:00, MON,95.4,Under control
 2025DA028, 63.0326, -138.382, 2025-06-23 16:40:00, MON,6.5,Under control
 2025DA031, 64.9125, -137.148, 2025-06-24 00:10:00, MON,0.7,Out of control
 EA089, 52.9197, -96.0264, 2025-07-02 05:00:00, MON,24.7,Out of control
 SS013-25, 60.7611, -114.678, 2025-07-03 05:00:00, FUL,16,Under control
 2025OC001, 66.128, -136.628, 2025-06-21 02:36:00, MON,32.8,Out of control
 G30819, 52.2661, -118.503, 2025-07-03 00:20:00, MOD,1.6,Held
 VQ028-25, 66.1192, -129.894, 2025-07-22 14:55:00, MON,0,Out of control
 2025DA023, 64.0069, -140.514, 2025-06-22 01:09:00, MON,0.9,Out of control
 2025RR009, 62.1822, -132.358, 2025-06-24 18:47:00, MOD,0.4,Out of control
 2025OC005, 66.1393, -138.969, 2025-06-21 03:10:00, MON,50.4,Out of control
 2025OC010, 66.9128, -140.559, 2025-07-02 22:00:00, MON,33.5,Out of control
 2025OC008, 67.713, -139.154, 2025-06-28 02:41:00, MON,0.4,Out of control
 2025OC022, 66.2826, -140.946, 2025-07-24 22:05:00, MON,12.9,Out of control
 2025OC003, 66.4485, -140.568, 2025-06-21 02:58:00, MON,26.7,Out of control
 2025OC002, 66.5553, -138.721, 2025-06-21 02:54:00, MON,24.8,Out of control
 2025OC006, 67.2732, -139.068, 2025-06-22 20:28:00, MON,2.1,Out of control
 2025OC007, 67.1932, -139.086, 2025-06-22 20:39:00, MON,3.5,Out of control
 2025OC024, 66.5465, -139.114, 2025-08-08 23:17:00, MON,12.6,Out of control
 2025OC009, 67.7144, -139.21, 2025-06-28 02:43:00, MON,0.1,Out of control
 2025DA029, 63.5925, -140.343, 2025-06-23 16:47:00, MON,6.4,Under control
 2025MA022, 64.0047, -135.242, 2025-06-25 23:10:00, MON,55,Out of control
 G80320, 58.3694, -121.011, 2025-05-12 02:07:00, FUL,75.8,Under control
 G80396, 58.0248, -121.689, 2025-05-27 22:23:00, FUL,18.9,Under control
 G80427, 58.383, -120.74, 2025-05-29 06:31:00, MOD,0.5,Under control
 G80402, 58.4176, -121.146, 2025-05-28 00:22:00, FUL,41.4,Under control
 G80403, 58.3839, -120.872, 2025-05-28 00:24:00, FUL,1.5,Under control
 G80426, 58.3728, -120.712, 2025-05-29 06:29:00, MOD,16.6,Under control
 G80476, 57.9937, -120.389, 2025-06-02 22:20:00, FUL,31,Under control
 G80430, 58.1531, -120.376, 2025-05-29 06:35:00, MOD,0.1,Under control
 G80473, 57.5005, -120.558, 2025-06-02 21:53:00, FUL,85.5,Under control
 SLK_FIRE_070, 53.5475, -90.6446, 2025-08-04 17:19:00, MON,7.9,Out of control
 NO090, 54.5506, -96.9508, 2025-07-08 05:00:00, MON,208.3,Out of control
 ZF024-25, 62.289, -112.976, 2025-07-01 22:13:00, MOD,144,Out of control
 2025DA033, 64.6033, -137.186, 2025-07-06 19:15:00, MON,10.2,Out of control
 EV017-25, 68.3333, -132.817, 2025-06-29 22:30:00, MON,60.6,Out of control
 EV008-25, 68.1, -132.8, 2025-06-28 03:00:00, FUL,0.4,Out of control
 EV005-25, 66.9159, -133.458, 2025-06-27 21:43:00, MON,27.6,Out of control
 G90463, 59.7024, -124.092, 2025-06-01 16:34:00, FUL,34.7,Out of control
 25SR-MELNICK, 58.7139, -102.14, 2025-08-03 02:08:12, MOD,100.1,Out of control
 25SR-DEERING, 58.3448, -102.217, 2025-07-05 21:18:30, MOD,181.6,Out of control
 NO142, 57.3014, -96.2331, 2025-07-17 05:00:00, MON,0.1,Out of control
 2025BC007, 62.6619, -140.279, 2025-07-19 21:50:00, MON,0.6,Out of control
 G90382, 59.3743, -120.033, 2025-05-26 00:57:00, MOD,940.6,Held
 NO147, 57.4267, -99.4133, 2025-07-18 05:00:00, MON,4,Out of control
 NO023, 56.0956, -101.55, 2025-06-26 05:00:00, MON,118.3,Out of control
 NO197, 53.7211, -95.0339, 2025-08-05 05:00:00, FUL,1.5,Out of control
 G70422, 55.178, -120.275, 2025-05-29 03:05:00, FUL,262,Held
 NO146, 56.9622, -98.3169, 2025-07-18 05:00:00, MON,0.1,Out of control
 COC_FIRE_017, 56.1989, -90.026, 2025-07-18 18:08:00, MON,1.1,Out of control
 NO138, 53.9906, -96.8292, 2025-07-15 05:00:00, MON,10.1,Under control
 FS017-25, 61.823, -121.75, 2025-06-30 21:45:00, MON,0,Under control
 G90400, 59.5254, -120.893, 2025-05-28 00:09:00, MOD,17.6,Under control
 G90421, 58.8946, -127.244, 2025-05-29 01:13:00, FUL,135.2,Under control
 G90711, 59.0055, -127.935, 2025-06-22 00:21:00, MOD,0,Under control
 25SR-WHEEL, 58.5867, -103.089, 2025-08-03 18:34:44, MOD,4,Out of control
 2025OC013, 67.4744, -136.779, 2025-07-06 19:48:00, MON,0.1,Out of control
 PWF-031-2025, 56.7819, -117.237, 2025-05-03 00:01:00, FUL,20.7,Under control
 NO161, 54.0819, -94.2297, 2025-07-26 05:00:00, MON,0.1,Out of control
 LWF-162-2025, 55.4552, -111.15, 2025-07-25 18:25:00, FUL,0,Under control
 2025MA016, 63.4223, -133.074, 2025-06-21 02:46:00, MON,50.2,Out of control
 G90475, 59.1681, -120.064, 2025-06-02 22:27:00, FUL,110.5,Under control
 NO162, 55.9656, -99.19, 2025-07-28 05:00:00, MON,0,Out of control
 ZF037-25, 64.0985, -118.656, 2025-07-22 16:05:00, MON,0.4,Out of control
 25BN-SPARROW, 55.8588, -109.253, 2025-08-01 00:30:11, MOD,7.3,Out of control
 2025MA037, 64.8608, -133.646, 2025-07-21 02:52:00, MON,1,Out of control
 EV002-25, 68.3907, -132.243, 2025-06-27 14:30:00, FUL,1.5,Held
 EV025-25, 67.643, -133.42, 2025-07-06 20:10:00, MON,1.2,Held
 EV003-25, 68.3995, -132.098, 2025-06-27 14:30:00, MON,24.4,Out of control
 NO143, 57.3186, -96.3881, 2025-07-17 05:00:00, MON,1,Out of control
 25DB-GORGE, 55.5891, -103.018, 2025-07-08 18:37:49, MOD,1171.5,Out of control
 EA096, 51.6147, -95.86, 2025-07-14 05:00:00, MOD,445.9,Out of control
 SS030-25, 60.5559, -118.904, 2025-08-10 15:45:00, MON,0.5,Out of control
 G90425, 58.2515, -121.855, 2025-05-29 06:17:00, FUL,124.4,Under control
 V10830, 49.3608, -121.481, 2025-07-03 07:32:00, MOD,0,Held
 LWF-185-2025, 54.9356, -111.198, 2025-08-03 22:01:00, FUL,0.8,Under control
 2025MA008, 63.9227, -135.775, 2025-06-20 01:24:00, MON,0,Under control
 2025MA005, 63.8652, -135.719, 2025-06-18 21:40:00, MON,0,Under control
 2025MA004, 63.8329, -137.23, 2025-06-18 19:54:00, MON,0,Under control
 GWF-028-2025, 55.9266, -119.339, 2025-05-22 19:23:00, FUL,55.6,Under control
 NO194, 58.8464, -100.328, 2025-08-04 05:00:00, MON,0,Out of control
 NO165, 54.0644, -93.6786, 2025-07-30 05:00:00, MON,0,Out of control
 NO167, 54.09, -94.1747, 2025-07-30 05:00:00, MON,0,Out of control
 NO169, 54.1886, -94.57, 2025-07-30 05:00:00, MON,0,Out of control
 NO168, 54.1361, -94.5386, 2025-07-30 05:00:00, MON,0,Out of control
 NO171, 54.2708, -96.1106, 2025-07-30 05:00:00, MON,0,Out of control
 NO173, 56.5883, -99.1811, 2025-07-30 05:00:00, MON,0,Out of control
 EWF-030-2025, 53.1647, -117.18, 2025-05-25 22:49:00, FUL,3.2,Under control
 ZF040-25, 64.1601, -117.451, 2025-07-31 19:29:00, MON,0,Out of control
 ZF041-25, 63.867, -113.84, 2025-07-31 20:30:00, MON,0,Out of control
 SLK_FIRE_077, 53.3662, -90.3599, 2025-08-05 21:20:00, MON,77.1,Out of control
 2025DA014, 63.0421, -138.56, 2025-06-19 22:44:00, MON,4.9,Under control
 ZF043-25, 63.9151, -113.913, 2025-07-31 22:00:00, MON,0,Out of control
 ZF042-25, 63.9149, -114.461, 2025-08-01 22:00:00, MON,0.1,Out of control
 2025MA006, 63.4806, -136.564, 2025-06-18 22:59:00, MON,130,Held
 2025NA1, 61.8499, -126.536, 2025-07-31 23:41:27, MON,0,Out of control
 RED_FIRE_012, 52.6561, -94.071, 2025-05-28 18:35:00, MON,1969.7,Out of control
 SS014-25, 61.6167, -117.717, 2025-07-07 23:15:00, MOD,184.3,Out of control
 FS014-25, 61.7081, -120.936, 2025-06-27 21:35:00, FUL,203.6,Out of control
 FS008-25, 62.8833, -124.117, 2025-06-16 14:00:00, MON,95,Out of control
 FS007-25, 63.3833, -123.333, 2025-06-15 23:30:00, MON,47,Out of control
 G90216, 59.344, -122.178, 2025-05-02 20:35:00, FUL,2804.6,Out of control
 ZF045-25, 64.6703, -114.296, 2025-08-01 01:09:00, MON,0,Out of control
 NO180, 53.7589, -95.7736, 2025-08-01 05:00:00, MON,0,Out of control
 2025DA012, 64.1628, -139.674, 2025-06-19 21:15:00, FUL,37.1,Under control
 VQ031-25, 67.2971, -129.089, 2025-08-05 14:55:00, MON,1.3,Out of control
 VQ030-25, 67.4525, -129.155, 2025-07-22 14:55:00, MON,16,Out of control
 VQ029-25, 67.4822, -128.751, 2025-07-22 14:55:00, MON,15.4,Out of control
 VQ027-25, 67.1442, -129.211, 2025-07-16 15:00:00, MON,2.8,Out of control
 2025RR002, 62.5951, -131.507, 2025-06-19 23:11:00, MON,1.5,Out of control
 NO175, 56.5158, -96.5064, 2025-08-01 05:00:00, MON,0,Out of control
 NO178, 54.0219, -96.0256, 2025-08-01 05:00:00, MON,0,Out of control
 VQ022-25, 66.5856, -126.412, 2025-07-13 23:16:00, MON,103,Out of control
 VQ015-25, 67.5385, -125.684, 2025-07-01 01:14:00, MON,0.2,Out of control
 VQ012-25, 66.3167, -130.15, 2025-06-30 00:26:00, MON,5.2,Out of control
 NO190, 54.6475, -93.7689, 2025-08-04 05:00:00, MON,0,Out of control
 NO206, 54.3664, -93.5739, 2025-08-11 05:00:00, MON,4,Out of control
 C50627, 51.9885, -124.497, 2025-06-15 15:30:00, FUL,22.6,Under control
 SS011-25, 60.595, -118.482, 2025-07-02 00:00:00, MON,1.5,Out of control
 2025BC006, 62.7906, -139.307, 2025-06-24 01:43:00, MON,0.3,Out of control
 NO183, 56.1675, -99.4231, 2025-08-02 05:00:00, MON,0,Out of control
 NO185, 55.5983, -99.4942, 2025-08-02 05:00:00, MON,0,Out of control
 ZF032-25, 63.3282, -114.16, 2025-07-14 15:08:00, MON,6,Out of control
 FS009-25, 60.2073, -122.782, 2025-06-17 18:25:00, MOD,1100,Out of control
 2025CA006, 61.5676, -135.014, 2025-06-21 03:29:00, MON,36,Out of control
 2025WP3, 57.3285, -93.5405, 2025-08-05 17:57:02, MON,8.4,Out of control
 NO022, 52.9267, -95.0222, 2025-06-22 05:00:00, MON,10,Out of control
 PWF-050-2025, 57.4203, -117.639, 2025-06-02 19:50:00, FUL,211.6,Held
 LWF-097-2025, 55.8195, -110.534, 2025-06-05 23:12:00, FUL,3.2,Under control
 WWF-023-2025, 54.5644, -114.275, 2025-05-28 21:38:00, FUL,27.7,Under control
 EWF-036-2025, 53.6484, -115.989, 2025-05-29 22:10:00, FUL,7.4,Under control
 SWF-076-2025, 54.8061, -115.41, 2025-05-25 19:13:00, FUL,168.5,Under control
 MWF-026-2025, 59.9698, -111.322, 2025-05-29 21:09:00, FUL,139,Under control
 FS013-25, 63.818, -123.473, 2025-06-26 19:00:00, MON,34.8,Out of control
 FS012-25, 63.726, -123.58, 2025-06-26 18:45:00, MON,33.4,Out of control
 FS010-25, 61.9167, -120.333, 2025-06-18 00:47:00, MOD,0.1,Out of control
 VQ009-25, 64.1183, -127.319, 2025-06-26 22:43:00, MON,0.7,Out of control
 FS022-25, 63.4878, -123.126, 2025-07-08 19:14:00, MON,134.1,Out of control
 25LX-MOOSE, 56.2932, -106.99, 2025-06-27 21:38:10, MOD,29.2,Out of control
 VQ008-25, 63.5877, -125.282, 2025-06-26 23:11:00, MON,1.8,Out of control
 G90351, 59.2333, -122.872, 2025-05-19 23:42:00, FUL,0.7,Under control
 2025MA019, 63.421, -136.159, 2025-06-22 22:00:00, MON,12,Held
 SWF-088-2025, 55.6763, -115.174, 2025-05-27 20:05:00, FUL,136.8,Under control
 G90413, 58.735, -124.609, 2025-05-29 00:11:00, FUL,808.4,Held
 NO174, 56.2508, -99.6089, 2025-08-01 05:00:00, MON,0,Out of control
 NO187, 54.4647, -94.4408, 2025-08-03 05:00:00, FUL,0,Under control
 EV020-25, 68.9, -132.567, 2025-06-30 18:00:00, MON,0.4,Out of control
 2025WB12, 59.345, -111.797, 2025-07-15 23:30:18, MOD,220,Out of control
 G90220, 59.1351, -122.64, 2025-05-02 21:57:00, FUL,34.3,Held
 EV024-25, 66.4243, -133.594, 2025-07-01 16:13:00, MON,0.3,Out of control
 GWF-093-2025, 54.7271, -118.857, 2025-08-05 20:35:00, FUL,0,Under control
 LWF-132-2025, 54.7723, -110.211, 2025-07-09 19:53:00, FUL,44.7,Under control
 NO145, 54.1208, -98.5272, 2025-07-18 05:00:00, MON,18.8,Out of control
 ZF026-25, 62.6914, -106.374, 2025-06-29 23:45:00, MON,0.1,Out of control
 FS039-25, 60.3396, -122.92, 2025-08-11 18:43:00, FUL,0,Out of control
 FS021-25, 61.1, -121.917, 2025-07-07 22:30:00, MON,26,Out of control
 LWF-120-2025, 55.8708, -110.299, 2025-06-30 23:44:00, FUL,0.3,Under control
 NO053, 57.7533, -98.5625, 2025-07-03 05:00:00, MON,4.5,Out of control
 NO054, 58.2772, -100.323, 2025-07-03 05:00:00, MON,0.7,Out of control
 ZF009-25, 63.4936, -116.67, 2025-06-27 23:00:00, MOD,1.3,Held
 FS016-25, 60.8503, -121.854, 2025-06-29 00:33:00, MON,0.2,Out of control
 2025RR003, 62.114, -132.673, 2025-06-21 22:04:00, FUL,0.1,Under control
 LWF-072-2025, 55.8944, -110.772, 2025-05-10 17:45:00, FUL,0.5,Under control
 NO025, 57.2353, -100.434, 2025-06-27 05:00:00, MON,0.5,Out of control
 SS029-25, 61.1945, -109.212, 2025-08-07 21:15:00, MON,43.8,Out of control
 NO069, 55.3506, -94.4119, 2025-07-04 05:00:00, MON,1,Out of control
 HWF-036-2025, 58.5362, -118.863, 2025-05-29 20:00:00, FUL,526.7,Under control
 NO071, 56.8203, -98.0603, 2025-07-04 05:00:00, MON,1,Out of control
 EA062, 50.2808, -95.9481, 2025-05-13 05:00:00, FUL,40.1,Under control
 SS012-25, 61.2775, -110.159, 2025-06-30 17:45:00, MON,64.6,Out of control
 2025MA031, 63.0761, -135.823, 2025-07-05 19:00:00, MON,1.1,Out of control
 NO052, 56.2767, -90.0856, 2025-07-03 05:00:00, MON,23,Out of control
 NO063, 53.7019, -95.9517, 2025-07-04 05:00:00, MON,0.1,Out of control
 NO195, 58.9481, -99.825, 2025-08-04 05:00:00, MON,0,Out of control
 2025BC003, 62.0006, -138.359, 2025-06-20 23:18:00, MON,5,Out of control
 ZF046-25, 63.6063, -116.84, 2025-08-03 15:45:00, MON,0,Out of control
 NO064, 53.6781, -95.3586, 2025-07-04 05:00:00, MON,2,Out of control
 NO068, 55.5708, -93.5214, 2025-07-04 05:00:00, MON,1,Out of control
 NO196, 54.4444, -96.7706, 2025-08-04 05:00:00, MON,0,Out of control
 NO191, 56.0639, -99.2172, 2025-08-04 05:00:00, MON,0,Out of control
 NO193, 58.9631, -101.103, 2025-08-04 05:00:00, MON,0,Out of control
 G80418, 58.2347, -121.674, 2025-05-29 01:18:00, FUL,1.2,Under control
 VQ018-25, 65.7139, -123.551, 2025-07-09 15:53:00, MON,43.8,Out of control
 2025MA017, 64.165, -136.816, 2025-06-21 02:56:00, MON,0.3,Out of control
 2025MA030, 64.2129, -136.129, 2025-06-29 20:20:00, MON,3.5,Out of control
 2025MA028, 64.0925, -133.071, 2025-06-29 19:59:00, MON,1.6,Out of control
 2025MA015, 65.1135, -133.777, 2025-06-21 02:37:00, MON,1,Out of control
 2025MA011, 63.7397, -136.692, 2025-06-21 00:24:00, MON,27.6,Out of control
 NO170, 57.4283, -100.347, 2025-07-30 05:00:00, MON,0,Out of control
 NO176, 55.5267, -95.63, 2025-08-01 05:00:00, MON,0,Out of control
 NO177, 54.2892, -95.645, 2025-08-01 05:00:00, MON,0,Out of control
 2025OC012, 66.5419, -136.539, 2025-07-06 19:33:00, MON,0.1,Out of control
 FS020-25, 62.4802, -124.651, 2025-06-23 21:00:00, MON,0.1,Out of control
 NO203, 54.3042, -95.0847, 2025-08-11 05:00:00, MON,1,Out of control
 NO202, 54.3878, -94.8247, 2025-08-11 05:00:00, MON,1,Out of control
 2025MA013, 64.1961, -135.143, 2025-06-21 01:28:00, MON,50,Out of control
 GWF-040-2025, 54.4782, -118.369, 2025-06-09 22:19:00, FUL,2.5,Under control
 2025MA003, 63.8003, -136.381, 2025-06-18 02:38:00, MON,31.7,Out of control
 K60922, 49.1431, -120.504, 2025-07-12 20:48:00, MOD,31.4,Under control
 NO172, 54.0314, -96.6739, 2025-07-30 05:00:00, MON,0,Out of control
 EV019-25, 67.3333, -135.317, 2025-06-30 01:48:00, MOD,1.1,Out of control
 ZF039-25, 64.1882, -117.336, 2025-07-31 16:02:00, MOD,24.1,Out of control
 SS019-25, 61.6937, -110.864, 2025-07-23 01:49:00, MOD,64.8,Out of control
 RED_FIRE_136, 53.3117, -92.8401, 2025-08-05 18:02:00, MON,0,Out of control
 LWF-177-2025, 55.7522, -111.352, 2025-07-31 21:20:00, FUL,0,Under control
 SS022-25, 61.8218, -109.074, 2025-07-31 21:51:00, MON,4,Out of control
 SS021-25, 61.9222, -109.965, 2025-07-31 21:46:00, MON,0.9,Out of control
 SS020-25, 61.9228, -109.784, 2025-07-31 21:41:00, MON,9.2,Out of control
 2025OC014, 66.0067, -137.018, 2025-07-08 05:51:00, MON,6,Out of control
 SS017-25, 60.5563, -103.434, 2025-07-20 16:14:00, MON,2.5,Out of control
 NO204, 54.2761, -94.8006, 2025-08-11 05:00:00, MON,0,Out of control
 NO205, 54.1778, -95.2928, 2025-08-11 05:00:00, MON,1,Out of control
 SS024-25, 60.4419, -116.585, 2025-08-01 20:20:00, MON,1,Out of control
 EV021-25, 67.33, -135.116, 2025-06-30 20:30:00, MOD,24.8,Out of control
 NO084, 56.3544, -90.5608, 2025-07-08 05:00:00, MON,50,Out of control
 2025MA029, 64.056, -132.817, 2025-06-29 20:08:00, MON,1.6,Out of control
 2025MA027, 63.9168, -133.792, 2025-06-29 19:55:00, MON,4.6,Out of control
 NO085, 55.1908, -94.8361, 2025-07-08 05:00:00, MON,0.5,Out of control
 NO095, 53.3558, -95.2789, 2025-07-08 05:00:00, MON,2,Out of control
 VQ016-25, 65.5192, -129.557, 2025-07-01 16:46:00, MON,0.6,Out of control
 NO089, 53.4672, -97.6181, 2025-07-08 05:00:00, MON,0.1,Out of control
 RED_FIRE_137, 53.5082, -93.3339, 2025-08-05 21:51:00, MON,1,Out of control
 VQ019-25, 66.7617, -123.091, 2025-07-09 16:00:00, MON,0.1,Out of control
 LWF-139-2025, 55.7386, -112.615, 2025-07-16 02:07:00, FUL,2.3,Under control
 VQ025-25, 67.1933, -127.627, 2025-07-15 14:30:00, MON,5.7,Out of control
 VQ024-25, 67.56, -123.363, 2025-07-14 01:00:00, MON,3.2,Out of control
 NO096, 55.6453, -100.408, 2025-07-09 05:00:00, MON,1,Out of control
 NO207, 54.3906, -94.93, 2025-08-11 05:00:00, MON,0,Out of control
 MWF-025-2025, 59.1492, -111.207, 2025-05-29 00:00:00, FUL,329,Under control
 VQ013-25, 66.0019, -131.078, 2025-06-30 01:07:00, MON,0.7,Out of control
 VQ011-25, 65.3489, -129.173, 2025-06-29 23:09:00, MON,3.2,Out of control
 VQ002-25, 65.5732, -129.733, 2025-06-15 22:05:00, MON,4.3,Out of control
 RED_FIRE_019, 53.4123, -93.8296, 2025-06-12 22:29:00, MOD,429.5,Out of control
 NO081, 57.0433, -101.997, 2025-07-07 05:00:00, MON,1.5,Out of control
 NO098, 54.9147, -92.8453, 2025-07-09 05:00:00, MON,1.5,Out of control
 NO083, 56.2025, -91.0106, 2025-07-08 05:00:00, MON,0.1,Out of control
 NO086, 54.5172, -95.4611, 2025-07-08 05:00:00, MON,1,Out of control
 NO093, 53.7125, -95.8725, 2025-07-08 05:00:00, MON,7.5,Out of control
 NO099, 55.1086, -92.8067, 2025-07-09 05:00:00, MON,6,Out of control
 NO109, 57.3789, -93.6094, 2025-07-11 05:00:00, MON,0.5,Out of control
 SLK_FIRE_043, 54.0957, -91.1348, 2025-07-03 22:35:00, MON,12,Out of control
 N50822, 49.4333, -117.997, 2025-07-03 00:12:00, FUL,0.1,Under control
 2025DA018, 64.33, -140.28, 2025-06-20 02:13:00, MON,22.9,Out of control
 RED_FIRE_020, 54.3505, -92.7299, 2025-06-14 22:50:00, MON,39.8,Out of control
 2025RR010, 62.3868, -129.869, 2025-07-12 00:49:00, MON,0.3,Out of control
 RED_FIRE_070, 51.1112, -94.6921, 2025-07-03 19:24:00, MON,44.2,Out of control
 VQ010-25, 65.3045, -128.99, 2025-06-28 01:19:00, MON,7.8,Out of control
 RED_FIRE_126, 51.5716, -95.0381, 2025-07-31 23:19:00, MON,0.7,Out of control
 RED_FIRE_051, 51.5722, -94.9992, 2025-06-30 00:46:00, MOD,105.2,Out of control
 2025DA017, 63.7156, -138.384, 2025-06-20 01:22:00, MON,36.1,Under control
 NO092, 57.1539, -97.8453, 2025-07-08 05:00:00, MON,2,Out of control
 NO094, 55.6961, -92.8769, 2025-07-08 05:00:00, MON,4,Out of control
 EA086, 52.7394, -95.7553, 2025-07-02 05:00:00, MOD,109.5,Out of control
 2025MA035, 63.4508, -135.418, 2025-07-12 21:11:00, MON,0.2,Out of control
 2025MA036, 63.6256, -135.036, 2025-07-12 21:21:00, MON,4,Out of control
 NO122, 58.1286, -95.2083, 2025-07-11 05:00:00, MON,2,Out of control
 NO124, 56.8944, -95.9506, 2025-07-11 05:00:00, MON,1,Out of control
 SS016-25, 61.3093, -105.475, 2025-07-19 21:08:00, MON,0.2,Out of control
 NO189, 58.6522, -101.717, 2025-08-03 05:00:00, MON,0,Out of control
 ZF047-25, 63.9642, -114.195, 2025-08-03 19:45:00, MON,0.1,Out of control
 2025HJ007, 61.4023, -137.08, 2025-06-22 04:34:00, MOD,38.3,Out of control
 2025MA010, 63.6748, -136.438, 2025-06-20 23:46:00, MON,0.4,Under control
 2025MA012, 63.6854, -136.472, 2025-06-21 01:17:00, MON,0,Under control
 2025MA025, 63.6533, -135.603, 2025-06-28 00:39:00, MON,0.2,Under control
 NO123, 57.7578, -94.6547, 2025-07-11 05:00:00, MON,2,Out of control
 EV015-25, 67.8995, -135.352, 2025-06-29 20:41:00, MON,9.1,Out of control
 NO101, 56.2458, -93.3583, 2025-07-09 05:00:00, MON,1,Out of control
 NO102, 55.8919, -90.7325, 2025-07-09 05:00:00, MON,0.3,Out of control
 NO105, 53.4819, -94.1, 2025-07-10 05:00:00, MON,1,Out of control
 NO100, 56.0094, -94.0058, 2025-07-09 05:00:00, MON,6,Out of control
 ZF020-25, 63.7472, -120.593, 2025-06-30 15:58:00, MON,285,Out of control
 LWF-090-2025, 55.1931, -110.688, 2025-05-26 22:00:00, FUL,680.3,Held
 25LA-STOVER, 56.3056, -105.698, 2025-07-28 00:25:34, MOD,44.5,Out of control
 NO066, 56.1869, -97.655, 2025-07-04 05:00:00, MON,27.2,Out of control
 VQ021-25, 64.8756, -125.408, 2025-07-13 21:10:00, MON,0,Out of control
 SWF-167-2025, 57.1879, -115.331, 2025-08-05 19:33:00, FUL,0.4,Under control
 NO132, 55.8786, -100.198, 2025-07-14 05:00:00, MON,4.4,Out of control
 SLK_FIRE_060, 53.2944, -90.2206, 2025-07-21 21:21:00, MON,20.9,Out of control
 ZF007-25, 64.1487, -120.23, 2025-06-17 19:00:00, MON,539.3,Out of control
 2025OC017, 67.3513, -136.706, 2025-07-15 18:19:00, MON,0.1,Out of control
 G90461, 58.3356, -121.363, 2025-06-01 01:21:00, MOD,1,Under control
 2025OC018, 66.824, -134.791, 2025-07-15 18:27:00, MON,0.4,Out of control
 2025OC020, 66.4269, -134.567, 2025-07-15 18:52:00, MON,0.2,Out of control
 2025MA034, 65.72, -135.758, 2025-07-09 15:35:00, MON,0.1,Out of control
 G80352, 57.4485, -123.182, 2025-05-20 00:11:00, FUL,1495.1,Under control
 G80497, 56.479, -120.263, 2025-06-04 20:19:00, FUL,42.1,Under control
 G30786, 53.1343, -119.502, 2025-07-01 23:13:00, FUL,0.2,Under control
 2025MA033, 65.4491, -135.614, 2025-07-09 15:31:00, MON,0,Out of control
 NO134, 56.0189, -94.0167, 2025-07-14 05:00:00, MON,2.5,Out of control
 NO088, 53.7125, -95.6003, 2025-07-08 05:00:00, MON,0.1,Out of control
 2025MA024, 63.767, -137.473, 2025-06-26 23:05:00, MON,0.1,Under control
 NO131, 56.3628, -99.4556, 2025-07-14 05:00:00, MON,8.2,Out of control
 NO041, 56.1517, -101.917, 2025-06-28 05:00:00, MON,72.6,Out of control
 WE055, 55.0433, -99.1589, 2025-07-02 05:00:00, MOD,9.9,Out of control
 NO108, 55.2353, -96.7697, 2025-07-11 05:00:00, MON,4,Out of control
 ZF027-25, 63.3844, -114.014, 2025-07-02 00:30:00, MON,11.1,Out of control
 ZF013-25, 63.5623, -116.231, 2025-06-30 15:48:00, MON,470.2,Out of control
 SLK_FIRE_078, 53.4235, -90.4753, 2025-08-05 21:31:00, MON,5.4,Out of control
 ZF018-25, 65.4392, -116.089, 2025-06-29 19:30:00, MON,100.4,Out of control
 NO139, 55.175, -96.9492, 2025-07-16 05:00:00, MON,0.1,Out of control
 2025DA013, 63.3466, -138.639, 2025-06-19 22:03:00, MON,177.8,Under control
 VQ026-25, 66.2811, -127.526, 2025-07-16 15:00:00, MON,1.4,Out of control
 NO148, 57.1042, -96.6672, 2025-07-18 05:00:00, MON,2,Out of control
 25SR-JANZEN, 59.2158, -103.511, 2025-08-06 23:26:02, MOD,1.8,Out of control
 VQ032-25, 67.4405, -128.895, 2025-08-05 14:55:00, MON,1,Out of control
 VQ023-25, 67.0053, -126.996, 2025-07-14 00:29:00, MON,3.4,Out of control
 RED_FIRE_062, 51.507, -93.8566, 2025-07-02 20:54:00, MOD,337.4,Under control
 RED_FIRE_040, 52.2456, -93.087, 2025-06-28 22:46:00, MON,111.1,Out of control
 NO141, 55.8689, -99.5242, 2025-07-17 05:00:00, MON,31.7,Out of control
 2025BC005, 62.7836, -140.096, 2025-06-22 01:20:00, MON,30,Out of control
 RED_FIRE_074, 51.7581, -93.2079, 2025-07-04 17:18:00, MON,50.7,Out of control
 RED_FIRE_022, 52.9245, -94.8958, 2025-06-17 21:38:00, MON,201.8,Out of control
 EV027-25, 68.1032, -131.25, 2025-07-16 15:39:00, MON,1.1,Out of control
 2025DA025, 63.6885, -138.811, 2025-06-22 18:06:00, MON,9.9,Under control
 2025DA007, 64.21, -138.694, 2025-06-18 22:15:00, MON,125,Under control
 FS006-25, 60.3447, -122.744, 2025-06-09 18:06:00, MON,0.3,Under control
 VQ014-25, 65.2567, -129.421, 2025-07-01 01:34:00, MON,2.9,Out of control
 RED_FIRE_067, 51.8067, -92.8034, 2025-07-02 21:56:00, MON,222.9,Out of control
 ZF033-25, 62.8322, -116.305, 2025-07-17 23:20:00, MON,0,Under control
 25SR-COCHRANE, 58.7265, -102.803, 2025-08-03 13:53:35, MOD,13.7,Out of control
 ZF049-25, 63.0616, -116.319, 2025-08-13 21:13:00, FUL,0,Out of control
 G41285, 53.8852, -124.655, 2025-08-02 01:49:00, FUL,4,Under control
 NO005, 54.3772, -98.2917, 2025-05-20 05:00:00, MOD,1795.1,Held
 C11164, 53.0434, -123.531, 2025-07-31 19:32:00, FUL,8.8,Under control
 179, 47.3425, -73.0356, 2025-08-02 22:51:00, FUL,0.1,Under control
 G90881, 59.5482, -124.086, 2025-07-08 22:48:00, FUL,2.4,Held
 ZF044-25, 63.9275, -113.937, 2025-07-31 22:00:00, MON,0,Out of control
 68622, 47.4851, -65.5618, 2025-08-15 09:42:26, FUL,0,Out of control
 V11110, 49.4568, -121.764, 2025-07-30 02:06:00, FUL,2.2,Under control
 25WY-HAWK, 54.7964, -106.113, 2025-06-30 20:09:36, FUL,1095.1,Under control
 25WY-BUHL, 54.4253, -106.526, 2025-06-30 00:06:21, FUL,969.9,Under control
 68586, 47.1825, -65.5265, 2025-08-14 12:12:40, FUL,0,Held
 VQ020-25, 66.1617, -126.259, 2025-07-13 16:00:00, MON,28.4,Out of control
 V71145, 49.2951, -124.605, 2025-07-31 08:06:00, FUL,5.9,Under control
 25DB-PELICAN2, 55.1897, -102.918, 2025-05-24 07:00:56, FUL,350,Out of control
 N51353, 49.2866, -117.812, 2025-08-03 22:59:00, FUL,1.8,Under control
 68587, 47.7972, -66.9305, 2025-08-14 12:25:28, FUL,0,Out of control
 68723, 46.0361, -65.0201, 2025-08-17 13:07:53, FUL,0,Held
 NO209, 53.8531, -93.7003, 2025-08-16 05:00:00, MON,0,Out of control
 NO208, 54.7897, -96.8683, 2025-08-16 05:00:00, MON,0.2,Out of control
 68642, 47.3584, -65.3006, 2025-08-15 11:54:30, FUL,0.1,Held
 FS040-25, 61.8215, -121.056, 2025-08-12 17:45:00, FUL,0,Under control
 SS008-25, 60.1708, -117.101, 2025-05-29 22:16:00, MOD,113.6,Out of control
 ZF051-25, 65.6607, -116.848, 2025-08-13 15:08:00, MON,5.1,Out of control
 25DB-BUK2, 54.8695, -103.882, 2025-07-18 18:34:08, FUL,37.9,Out of control
 RED_FIRE_131, 51.5931, -94.9308, 2025-08-01 20:51:00, MON,0.1,Out of control
 NIP_FIRE_022, 51.7141, -86.1814, 2025-08-11 20:31:00, MON,1.8,Out of control
 WWF-041-2025, 54.3723, -116.821, 2025-07-12 19:23:00, FUL,0.1,Under control
 25LA-PITCH, 55.4647, -104.067, 2025-07-09 00:43:48, MOD,544.1,Under control
 LWF-172-2025, 54.5435, -111.689, 2025-07-30 20:10:00, FUL,0.4,Under control
 V70527, 49.2057, -125.187, 2025-06-08 18:39:00, MOD,0.2,Under control
 25LX-CLAWR01, 55.2671, -109.433, 2025-07-23 22:10:45, MOD,74.6,Out of control
 G80429, 58.1662, -120.312, 2025-05-29 06:34:00, FUL,0.3,Under control
 NO026, 56.3611, -100.259, 2025-06-27 05:00:00, FUL,1762.8,Held
 NO047, 56.3997, -99.5278, 2025-06-30 05:00:00, FUL,445.9,Held
 LWF-150-2025, 55.5608, -112.794, 2025-07-21 14:05:00, FUL,6.6,Under control
 K41552, 50.2088, -119.31, 2025-08-17 20:57:00, FUL,1,Under control
 K71095, 50.1477, -121.58, 2025-07-28 23:33:00, FUL,14.7,Under control
 2025PA4, 54.3558, -106.142, 2025-07-01 01:36:00, FUL,127.4,Held
 25BN-OTTER, 57.2872, -107.822, 2025-06-18 01:07:07, MOD,298.1,Out of control
 SWF-115-2025, 57.1248, -113.377, 2025-06-07 18:08:00, FUL,3.8,Under control
 C51503, 52.4081, -125.65, 2025-08-12 20:22:00, FUL,0.6,Under control
 25DB-KAT, 56.22, -102.25, 2025-07-05 18:21:21, MOD,165.7,Out of control
 68664, 47.4515, -65.9733, 2025-08-15 18:18:06, FUL,0,Held
 EA061, 50.3997, -95.6208, 2025-05-12 05:00:00, FUL,3590.4,Held
 NO125, 53.9019, -94.7236, 2025-07-12 05:00:00, MOD,0.1,Held
 NO164, 54.3367, -93.8364, 2025-07-29 05:00:00, MOD,3.2,Held
 G51181, 54.7618, -125.391, 2025-07-31 21:27:00, FUL,0.3,Under control
 SWF-089-2025, 56.7056, -114.336, 2025-05-27 20:50:00, FUL,123.8,Held
 PWF-044-2025, 56.9877, -116.508, 2025-05-28 21:20:00, FUL,522.9,Under control
 25BN-POPWELL, 56.4036, -108.19, 2025-07-01 15:37:25, MOD,147.3,Out of control
 NO002, 56.9142, -100.937, 2025-05-07 05:00:00, FUL,856.9,Under control
 EA108, 51.7797, -96.8981, 2025-08-02 05:00:00, FUL,0.1,Out of control
 616, 55.1544, -60.443, 2025-08-08 00:00:00, FUL,5.7,Out of control
 V51456, 50.1108, -123.914, 2025-08-09 01:33:00, FUL,0,Under control
 ZF015-25, 62.2272, -116.41, 2025-06-30 15:44:00, MON,2654.9,Out of control
 25HB-STURGEON, 54.3034, -102.088, 2025-07-08 16:46:48, MOD,60.7,Under control
 234, 47.8254, -53.1411, 2025-08-03 00:00:00, FUL,101,Out of control
 WE052, 54.7258, -100.395, 2025-07-01 05:00:00, FUL,638.8,Held
 FS037-25, 60.3527, -122.951, 2025-08-04 02:00:00, FUL,0,Under control
 FS035-25, 60.6108, -121.541, 2025-07-30 20:46:00, FUL,19,Out of control
 FS033-25, 62.5254, -120.605, 2025-07-19 18:11:00, FUL,0.1,Out of control
 FS030-25, 60.3612, -122.868, 2025-07-28 21:30:00, FUL,0,Out of control
 FS018-25, 60.5668, -121.038, 2025-07-01 18:53:00, FUL,6.2,Held
 FS015-25, 61.3018, -121.879, 2025-06-29 18:00:00, FUL,0.2,Under control
 FS011-25, 61.9844, -121.683, 2025-06-21 16:30:00, FUL,0,Held
 SS031-25, 60.8263, -113.611, 2025-08-16 21:16:00, FUL,1.6,Under control
 FS032-25, 62.2227, -123.671, 2025-07-29 20:03:00, FUL,0.1,Out of control
 WE017, 55.0097, -101.325, 2025-05-21 05:00:00, FUL,3719,Under control
 NO010, 56.2558, -96.1878, 2025-05-29 05:00:00, FUL,252.3,Held
 EV004-25, 68.4334, -132.015, 2025-06-27 14:30:00, MON,0,Out of control
 ZF053-25, 62.2633, -111.321, 2025-08-23 16:22:00, MON,0,Out of control
 2025BC004, 62.5755, -140.818, 2025-06-21 19:39:00, MON,60,Out of control
 2025HJ008, 61.2082, -137.458, 2025-06-22 23:26:00, MON,5,Out of control
 2025HJ005, 61.3381, -137.555, 2025-06-21 23:09:00, MON,15,Out of control
 NO050, 56.1733, -98.1517, 2025-07-02 05:00:00, MOD,1310.1,Held
 EA105, 52.7944, -96.2736, 2025-07-31 05:00:00, MON,7.3,Out of control
 EA106, 52.5803, -96.6161, 2025-07-31 05:00:00, MON,0.4,Out of control
 NO079, 53.8536, -94.6119, 2025-07-06 05:00:00, FUL,378.6,Held
 NO184, 55.8061, -99.1664, 2025-08-02 05:00:00, MOD,0,Held
 WE025, 55.7572, -101.249, 2025-05-27 05:00:00, MOD,1810.3,Out of control
 68902, 46.9614, -64.8546, 2025-08-24 03:34:38, FUL,0,Held
 NO057, 56.4594, -94.9692, 2025-07-03 05:00:00, MOD,192,Out of control
 NO067, 56.0542, -94.5839, 2025-07-04 05:00:00, MON,155.8,Out of control
 621, 55.9233, -61.1197, 2025-08-23 00:00:00, FUL,0,Under control
 WE089, 54.8672, -99.7864, 2025-08-03 05:00:00, FUL,45.7,Out of control
 239, 48.7368, -55.5784, 2025-08-05 00:00:00, FUL,16.3,Under control
 FOR_FIRE_021, 49.1429, -91.1112, 2025-08-17 19:45:00, MON,0,Out of control
 ZF052-25, 62.8028, -116.639, 2025-08-19 21:20:00, FUL,0.1,Under control
 SS032-25, 61.6293, -109.041, 2025-08-25 16:14:00, MON,1.3,Out of control
 G41250, 53.8702, -124.774, 2025-08-01 19:16:00, FUL,3.7,Under control
 N51141, 50.3244, -117.799, 2025-07-31 03:21:00, FUL,1,Under control
 HWF-106-2025, 58.9355, -118.306, 2025-08-08 21:15:00, FUL,42.7,Under control
 2025RR005, 61.7577, -131.004, 2025-06-22 00:06:00, MON,15.1,Out of control
 68682, 47.3549, -66.6269, 2025-08-16 11:47:54, FUL,0,Held
 NO061, 55.8925, -97.8347, 2025-07-04 05:00:00, FUL,225.2,Under control
 25BN-PARK, 56.7318, -109.564, 2025-06-28 21:18:41, MOD,689.9,Out of control
 RED_FIRE_101, 50.951, -95.1419, 2025-07-13 19:54:00, MOD,104.5,Under control
 RED_FIRE_099, 52.2752, -94.0472, 2025-07-13 15:56:00, MOD,306,Under control
 SLK_FIRE_068, 53.7535, -91.2838, 2025-08-04 17:08:00, MON,9.7,Out of control
 228, 48.9564, -64.7608, 2025-08-13 19:00:00, FUL,0.1,Under control
 25DB-WOLF, 54.633, -102.576, 2025-05-19 20:02:39, MOD,1645.8,Out of control
 10-025-2025, 45.828, -63.918, 2025-08-26 02:00:00, FUL,0,Under control
 K21639, 52.6179, -120.155, 2025-08-26 20:07:00, FUL,0,Out of control
 VQ033-25, 64.9028, -125.487, 2025-08-19 20:03:00, FUL,0,Out of control
 25WY-DITCH02, 54.4445, -105.801, 2025-05-26 23:57:57, FUL,2030,Under control
 258, 48.8566, -55.9736, 2025-08-25 00:00:00, MON,0,Under control
 V11606, 49.6149, -121.402, 2025-08-24 05:58:00, FUL,1.1,Out of control
 68585, 46.9912, -66.4733, 2025-08-14 12:08:41, FUL,4.6,Out of control
 25LA-WRIGHT, 57.7954, -104.079, 2025-07-15 20:31:03, MOD,1.7,Out of control
 RED_FIRE_068, 51.6978, -92.4711, 2025-07-02 22:04:00, MON,139.1,Out of control
 SWF-085-2025, 56.789, -113.838, 2025-05-27 19:16:00, FUL,1374.9,Held
 SWF-092-2025, 56.3196, -115.105, 2025-05-27 22:53:00, FUL,825.1,Held
 SWF-094-2025, 56.9977, -114.46, 2025-05-29 00:21:00, FUL,736.7,Held
 SWF-095-2025, 56.5912, -114.585, 2025-05-29 01:06:00, FUL,13.8,Under control
 SWF-100-2025, 56.6925, -115.037, 2025-05-30 00:32:00, FUL,179.5,Held
 68307, 47.1528, -65.4325, 2025-08-06 15:54:31, FUL,14,Under control
 25LA-PISEW, 55.1392, -105.987, 2025-05-21 17:54:29, FUL,2200.7,Out of control
 25SR-NOWOSAD, 58.3574, -103.269, 2025-08-23 18:59:04, MOD,0.1,Out of control
 HAL_FIRE_026, 44.8619, -79.2453, 2025-08-27 19:58:00, FUL,0,Out of control
 K61652, 49.9573, -120.912, 2025-08-27 22:12:00, FUL,0,Under control
 V11668, 49.0775, -121.178, 2025-08-28 04:00:00, MOD,0,Out of control
 C11666, 53.003, -124.949, 2025-08-28 02:31:00, FUL,0,Out of control
 C51672, 52.639, -125.578, 2025-08-28 06:12:00, FUL,0.3,Out of control
 ZF048-25, 62.9198, -117.394, 2025-08-07 22:55:00, FUL,100,Out of control
 VQ034-25, 64.0858, -125.191, 2025-08-27 14:30:00, MON,0,Out of control
 06-007-2025, 44.6642, -65.2162, 2025-08-13 23:00:00, FUL,82.3,Out of control
 284, 49.7583, -68.5639, 2025-08-22 18:10:00, FUL,0.1,Under control
 68687, 47.7023, -66.2878, 2025-08-16 15:51:14, FUL,2,Held
 68529, 47.2972, -66.1149, 2025-08-13 19:03:29, FUL,2.2,Under control
 NO042, 56.675, -101.254, 2025-06-30 05:00:00, FUL,217.3,Under control
 NO199, 56.7361, -99.9872, 2025-08-07 05:00:00, FUL,3.1,Under control
 NO200, 56.8208, -100.414, 2025-08-07 05:00:00, MON,1.9,Under control
 NO201, 56.7911, -100.667, 2025-08-09 05:00:00, FUL,0,Under control
 2025BC002, 62.87, -139.58, 2025-06-19 21:44:00, MON,10,Out of control
 25LF-SHOE, 54.209, -104.858, 2025-05-07 22:21:40, FUL,5657,Under control
 V31654, 50.3301, -123.087, 2025-08-27 23:50:00, FUL,0.1,Out of control
 G41664, 53.0775, -124.848, 2025-08-28 03:01:00, FUL,2.3,Out of control
 2025XY021, 61.5103, -134.884, 2025-08-28 18:17:00, MON,0,Out of control
 N51655, 49.1967, -117.829, 2025-08-27 23:26:00, FUL,0,Under control
 K51671, 49.7022, -119.866, 2025-08-28 04:58:00, FUL,0,Under control
 V11669, 49.2199, -121.281, 2025-08-28 04:04:00, MOD,0,Out of control
 25SR-SCRIMES, 58.5106, -103.495, 2025-08-03 02:15:38, MOD,75.2,Out of control
 25SR-MANITOU, 59.0289, -104.451, 2025-08-02 19:51:26, MOD,110.9,Out of control
 25SR-WHIGHAM, 58.8231, -104.421, 2025-08-06 14:30:32, MOD,91,Out of control
 25LX-TRAIL, 55.0834, -108.064, 2025-07-08 22:08:59, FUL,608.9,Out of control
 K51645, 49.7451, -119.761, 2025-08-27 06:26:00, FUL,0,Under control
 25LA-JAYSMITH, 56.0058, -104.043, 2025-05-20 20:57:05, MOD,1692.5,Out of control
 25DB-USKIK, 55.4323, -103.455, 2025-08-01 17:16:48, MOD,24.3,Out of control
 V71498, 49.1247, -124.775, 2025-08-12 02:31:00, FUL,35.2,Held
 N61632, 49.3674, -119.063, 2025-08-26 00:48:00, FUL,0.1,Under control
 25BN-DEER, 56.7864, -108.602, 2025-06-29 19:53:34, MOD,43.8,Out of control
 NOR_FIRE_015, 46.1977, -78.6236, 2025-08-27 23:48:00, FUL,0,Under control
 V31675, 50.2628, -123.323, 2025-08-28 17:33:00, FUL,0,Out of control
 25BN-CUMINS, 55.4553, -108.73, 2025-06-30 19:18:51, FUL,261.6,Under control
 VQ035-25, 65.3931, -129.144, 2025-08-22 00:00:00, MON,1.4,Out of control
 C41684, 51.7927, -121.498, 2025-08-29 01:22:00, FUL,0,Under control
 R41685, 55.0965, -128.011, 2025-08-29 02:17:00, FUL,0,Under control
 G41658, 53.0148, -125.002, 2025-08-28 01:52:00, FUL,2.3,Out of control
 V71621, 49.1081, -124.03, 2025-08-25 04:25:00, FUL,0.1,Under control
 NO151, 56.2867, -100.955, 2025-07-20 05:00:00, MOD,179.5,Held
 N41656, 51.6157, -118.106, 2025-08-28 00:56:00, FUL,0,Out of control
 C11659, 52.7932, -124.711, 2025-08-28 02:08:00, FUL,5.4,Out of control
 25SR-ASHWORTH, 59.443, -104.897, 2025-08-02 20:05:46, MOD,24,Out of control
 G41677, 53.0181, -125.144, 2025-08-28 18:19:00, FUL,0,Out of control
 68943, 46.9917, -65.2416, 2025-08-24 16:10:54, FUL,0,Under control
 LWF-201-2025, 55.8328, -110.327, 2025-08-28 21:09:00, FUL,10,Out of control
 25LX-KNEE, 55.8351, -106.848, 2025-05-26 16:57:40, FUL,287.7,Out of control
 WE083, 54.2872, -101.162, 2025-07-26 05:00:00, FUL,10.8,Under control
 WE084, 54.26, -101.048, 2025-07-28 05:00:00, FUL,8.6,Under control
 WE085, 54.3131, -100.74, 2025-07-28 05:00:00, FUL,45.6,Under control
 ZF054-25, 62.545, -114.378, 2025-08-29 01:44:00, FUL,0,Out of control
 25BN-WHITE, 55.8397, -109.757, 2025-08-01 00:55:35, MOD,4.2,Out of control
 25BN-ELK, 55.6374, -109.724, 2025-08-06 21:42:00, FUL,33.3,Out of control
 25SR-LIMPIN, 58.1477, -103.923, 2025-08-28 21:09:47, MOD,2.3,Out of control
 25LX-MUSKEG, 55.2946, -107.571, 2025-06-29 00:54:10, FUL,3451.8,Out of control
 K21633, 51.4787, -119.008, 2025-08-26 03:59:00, FUL,0.1,Held
 69042, 47.4511, -66.58, 2025-08-29 15:27:39, FUL,0,Out of control
